X, Y, Z
0.002685547, -0.2116699, -0.8611145
0.002685547, -0.2116699, -0.8611145
0.002685547, -0.2116699, -0.8611145
0.002685547, -0.2116699, -0.8611145
0.002685547, -0.2116699, -0.8611145
0.002685547, -0.2116699, -0.8611145
0.002685547, -0.2116699, -0.8611145
0.002685547, -0.2116699, -0.8611145
0.002685547, -0.2116699, -0.8611145
0.002685547, -0.2116699, -0.8611145
0.002685547, -0.2116699, -0.8611145
0.002685547, -0.2116699, -0.8611145
0.002685547, -0.2116699, -0.8611145
0.002685547, -0.2116699, -0.8611145
0.002685547, -0.2116699, -0.8611145
0.002685547, -0.2116699, -0.8611145
0.002685547, -0.2116699, -0.8611145
0.003662109, -0.1730957, -0.9934387
0.003662109, -0.1730957, -0.9934387
0.003662109, -0.1730957, -0.9934387
0.003662109, -0.1730957, -0.9934387
0.003662109, -0.1730957, -0.9934387
0.003662109, -0.1730957, -0.9934387
0.003662109, -0.1730957, -0.9934387
0.003662109, -0.1730957, -0.9934387
0.003662109, -0.1730957, -0.9934387
0.003662109, -0.1730957, -0.9934387
0.003662109, -0.1730957, -0.9934387
0.003662109, -0.1730957, -0.9934387
0.003662109, -0.1730957, -0.9934387
0.003662109, -0.1730957, -0.9934387
0.003662109, -0.1730957, -0.9934387
0.003662109, -0.1730957, -0.9934387
0.003662109, -0.1730957, -0.9934387
0.003662109, -0.1730957, -0.9934387
0.003662109, -0.1730957, -0.9934387
0.004882813, -0.1831055, -0.9773254
0.004882813, -0.1831055, -0.9773254
0.004882813, -0.1831055, -0.9773254
0.004882813, -0.1831055, -0.9773254
0.004882813, -0.1831055, -0.9773254
0.004882813, -0.1831055, -0.9773254
0.004882813, -0.1831055, -0.9773254
0.004882813, -0.1831055, -0.9773254
0.004882813, -0.1831055, -0.9773254
0.004882813, -0.1831055, -0.9773254
0.004882813, -0.1831055, -0.9773254
0.004882813, -0.1831055, -0.9773254
0.004882813, -0.1831055, -0.9773254
0.004882813, -0.1831055, -0.9773254
0.004882813, -0.1831055, -0.9773254
0.004882813, -0.1831055, -0.9773254
0.004882813, -0.1831055, -0.9773254
0.004882813, -0.1831055, -0.9773254
0.004882813, -0.1831055, -0.9773254
0.004882813, -0.1831055, -0.9773254
0.004882813, -0.1916504, -0.9658508
0.004882813, -0.1916504, -0.9658508
0.004882813, -0.1916504, -0.9658508
0.004882813, -0.1916504, -0.9658508
0.004882813, -0.1916504, -0.9658508
0.004882813, -0.1916504, -0.9658508
0.004882813, -0.1916504, -0.9658508
0.004882813, -0.1916504, -0.9658508
0.004882813, -0.1916504, -0.9658508
0.004882813, -0.1916504, -0.9658508
0.004882813, -0.1916504, -0.9658508
0.004882813, -0.1916504, -0.9658508
0.004882813, -0.1916504, -0.9658508
0.004882813, -0.1916504, -0.9658508
0.004882813, -0.1916504, -0.9658508
0.004882813, -0.1916504, -0.9658508
0.004882813, -0.1916504, -0.9658508
0.004882813, -0.1916504, -0.9658508
0.004882813, -0.1916504, -0.9658508
0.003173828, -0.1877441, -0.9704895
0.003173828, -0.1877441, -0.9704895
0.003173828, -0.1877441, -0.9704895
0.003173828, -0.1877441, -0.9704895
0.003173828, -0.1877441, -0.9704895
0.003173828, -0.1877441, -0.9704895
0.003173828, -0.1877441, -0.9704895
0.003173828, -0.1877441, -0.9704895
0.003173828, -0.1877441, -0.9704895
0.003173828, -0.1877441, -0.9704895
0.003173828, -0.1877441, -0.9704895
0.003173828, -0.1877441, -0.9704895
0.003173828, -0.1877441, -0.9704895
0.003173828, -0.1877441, -0.9704895
0.003173828, -0.1877441, -0.9704895
0.003173828, -0.1877441, -0.9704895
0.003173828, -0.1877441, -0.9704895
0.003173828, -0.1877441, -0.9704895
0.003173828, -0.1877441, -0.9704895
0.003173828, -0.1877441, -0.9704895
0.002685547, -0.1904297, -0.9709778
0.002685547, -0.1904297, -0.9709778
0.002685547, -0.1904297, -0.9709778
0.002685547, -0.1904297, -0.9709778
0.002685547, -0.1904297, -0.9709778
0.002685547, -0.1904297, -0.9709778
0.002685547, -0.1904297, -0.9709778
0.002685547, -0.1904297, -0.9709778
0.002685547, -0.1904297, -0.9709778
0.002685547, -0.1904297, -0.9709778
0.002685547, -0.1904297, -0.9709778
0.002685547, -0.1904297, -0.9709778
0.002685547, -0.1904297, -0.9709778
0.002685547, -0.1904297, -0.9709778
0.002685547, -0.1904297, -0.9709778
0.002685547, -0.1904297, -0.9709778
0.002685547, -0.1904297, -0.9709778
0.002685547, -0.1904297, -0.9709778
0.002685547, -0.1904297, -0.9709778
0.002685547, -0.1904297, -0.9709778
0.001220703, -0.1918945, -0.9687806
0.001220703, -0.1918945, -0.9687806
0.001220703, -0.1918945, -0.9687806
0.001220703, -0.1918945, -0.9687806
0.001220703, -0.1918945, -0.9687806
0.001220703, -0.1918945, -0.9687806
0.001220703, -0.1918945, -0.9687806
0.001220703, -0.1918945, -0.9687806
0.001220703, -0.1918945, -0.9687806
0.001220703, -0.1918945, -0.9687806
0.001220703, -0.1918945, -0.9687806
0.001220703, -0.1918945, -0.9687806
0.001220703, -0.1918945, -0.9687806
0.001220703, -0.1918945, -0.9687806
0.001220703, -0.1918945, -0.9687806
0.001220703, -0.1918945, -0.9687806
0.001220703, -0.1918945, -0.9687806
0.001220703, -0.1918945, -0.9687806
0.001220703, -0.1918945, -0.9687806
0.001220703, -0.1918945, -0.9687806
0, -0.1911621, -0.9663391
0, -0.1911621, -0.9663391
0, -0.1911621, -0.9663391
0, -0.1911621, -0.9663391
0, -0.1911621, -0.9663391
0, -0.1911621, -0.9663391
0, -0.1911621, -0.9663391
0, -0.1911621, -0.9663391
0, -0.1911621, -0.9663391
0, -0.1911621, -0.9663391
0, -0.1911621, -0.9663391
0, -0.1911621, -0.9663391
0, -0.1911621, -0.9663391
0, -0.1911621, -0.9663391
0, -0.1911621, -0.9663391
0, -0.1911621, -0.9663391
0, -0.1911621, -0.9663391
0.002685547, -0.1914063, -0.9692689
0.002685547, -0.1914063, -0.9692689
0.002685547, -0.1914063, -0.9692689
0.002685547, -0.1914063, -0.9692689
0.002685547, -0.1914063, -0.9692689
0.002685547, -0.1914063, -0.9692689
0.002685547, -0.1914063, -0.9692689
0.002685547, -0.1914063, -0.9692689
0.002685547, -0.1914063, -0.9692689
0.002685547, -0.1914063, -0.9692689
0.002685547, -0.1914063, -0.9692689
0.002685547, -0.1914063, -0.9692689
0.002685547, -0.1914063, -0.9692689
0.002685547, -0.1914063, -0.9692689
0.002685547, -0.1914063, -0.9692689
0.0009765625, -0.190918, -0.9685364
0.0009765625, -0.190918, -0.9685364
0.0009765625, -0.190918, -0.9685364
0.0009765625, -0.190918, -0.9685364
0.0009765625, -0.190918, -0.9685364
0.0009765625, -0.190918, -0.9685364
0.0009765625, -0.190918, -0.9685364
0.0009765625, -0.190918, -0.9685364
0.0009765625, -0.190918, -0.9685364
0.0009765625, -0.190918, -0.9685364
0.0009765625, -0.190918, -0.9685364
0.0009765625, -0.190918, -0.9685364
0.0009765625, -0.190918, -0.9685364
0.0009765625, -0.190918, -0.9685364
0.0009765625, -0.190918, -0.9685364
0.0009765625, -0.190918, -0.9685364
0.0009765625, -0.190918, -0.9685364
0.0009765625, -0.190918, -0.9685364
0.002929688, -0.1918945, -0.9685364
0.002929688, -0.1918945, -0.9685364
0.002929688, -0.1918945, -0.9685364
0.002929688, -0.1918945, -0.9685364
0.002929688, -0.1918945, -0.9685364
0.002929688, -0.1918945, -0.9685364
0.002929688, -0.1918945, -0.9685364
0.002929688, -0.1918945, -0.9685364
0.002929688, -0.1918945, -0.9685364
0.002929688, -0.1918945, -0.9685364
0.002929688, -0.1918945, -0.9685364
0.002929688, -0.1918945, -0.9685364
0.002929688, -0.1918945, -0.9685364
0.002929688, -0.1918945, -0.9685364
0.002929688, -0.1918945, -0.9685364
0.002685547, -0.1945801, -0.9695129
0.002685547, -0.1945801, -0.9695129
0.002685547, -0.1945801, -0.9695129
0.002685547, -0.1945801, -0.9695129
0.002685547, -0.1945801, -0.9695129
0.002685547, -0.1945801, -0.9695129
0.002685547, -0.1945801, -0.9695129
0.002685547, -0.1945801, -0.9695129
0.002685547, -0.1945801, -0.9695129
0.002685547, -0.1945801, -0.9695129
0.002685547, -0.1945801, -0.9695129
0.002685547, -0.1945801, -0.9695129
0.002685547, -0.1945801, -0.9695129
0.004394531, -0.190918, -0.9685364
0.004394531, -0.190918, -0.9685364
0.004394531, -0.190918, -0.9685364
0.004394531, -0.190918, -0.9685364
0.004394531, -0.190918, -0.9685364
0.004394531, -0.190918, -0.9685364
0.004394531, -0.190918, -0.9685364
0.004394531, -0.190918, -0.9685364
0.004394531, -0.190918, -0.9685364
0.004394531, -0.190918, -0.9685364
0.004394531, -0.190918, -0.9685364
0.004394531, -0.190918, -0.9685364
0.004394531, -0.190918, -0.9685364
0.004394531, -0.190918, -0.9685364
0.004394531, -0.190918, -0.9685364
0.004394531, -0.190918, -0.9685364
0.004394531, -0.190918, -0.9685364
0.003662109, -0.1906738, -0.9700012
0.003662109, -0.1906738, -0.9700012
0.003662109, -0.1906738, -0.9700012
0.003662109, -0.1906738, -0.9700012
0.003662109, -0.1906738, -0.9700012
0.003662109, -0.1906738, -0.9700012
0.003662109, -0.1906738, -0.9700012
0.003662109, -0.1906738, -0.9700012
0.003662109, -0.1906738, -0.9700012
0.003662109, -0.1906738, -0.9700012
0.003662109, -0.1906738, -0.9700012
0.003662109, -0.1906738, -0.9700012
0.003662109, -0.1906738, -0.9700012
0.003662109, -0.1906738, -0.9700012
0.003662109, -0.1906738, -0.9700012
0.005859375, -0.1901855, -0.971222
0.005859375, -0.1901855, -0.971222
0.005859375, -0.1901855, -0.971222
0.005859375, -0.1901855, -0.971222
0.005859375, -0.1901855, -0.971222
0.005859375, -0.1901855, -0.971222
0.005859375, -0.1901855, -0.971222
0.005859375, -0.1901855, -0.971222
0.005859375, -0.1901855, -0.971222
0.005859375, -0.1901855, -0.971222
0.005859375, -0.1901855, -0.971222
0.005859375, -0.1901855, -0.971222
0.005859375, -0.1901855, -0.971222
0.005859375, -0.1901855, -0.971222
0.005859375, -0.1901855, -0.971222
0.005859375, -0.1901855, -0.971222
0.005859375, -0.1901855, -0.971222
0.001220703, -0.1867676, -0.9595031
0.001220703, -0.1867676, -0.9595031
0.001220703, -0.1867676, -0.9595031
0.001220703, -0.1867676, -0.9595031
0.001220703, -0.1867676, -0.9595031
0.001220703, -0.1867676, -0.9595031
0.001220703, -0.1867676, -0.9595031
0.001220703, -0.1867676, -0.9595031
0.001220703, -0.1867676, -0.9595031
0.001220703, -0.1867676, -0.9595031
0.001220703, -0.1867676, -0.9595031
0.001220703, -0.1867676, -0.9595031
0.001220703, -0.1867676, -0.9595031
0.001220703, -0.1867676, -0.9595031
0.001220703, -0.1867676, -0.9595031
0.001220703, -0.1867676, -0.9595031
0.001220703, -0.1867676, -0.9595031
-0.08789063, -0.1616211, -0.95047
-0.08789063, -0.1616211, -0.95047
-0.08789063, -0.1616211, -0.95047
-0.08789063, -0.1616211, -0.95047
-0.08789063, -0.1616211, -0.95047
-0.08789063, -0.1616211, -0.95047
-0.08789063, -0.1616211, -0.95047
-0.08789063, -0.1616211, -0.95047
-0.08789063, -0.1616211, -0.95047
-0.08789063, -0.1616211, -0.95047
-0.08789063, -0.1616211, -0.95047
-0.08789063, -0.1616211, -0.95047
-0.08789063, -0.1616211, -0.95047
-0.08789063, -0.1616211, -0.95047
-0.08789063, -0.1616211, -0.95047
0.01806641, -0.2121582, -1.078156
0.01806641, -0.2121582, -1.078156
0.01806641, -0.2121582, -1.078156
0.01806641, -0.2121582, -1.078156
0.01806641, -0.2121582, -1.078156
0.01806641, -0.2121582, -1.078156
0.01806641, -0.2121582, -1.078156
0.01806641, -0.2121582, -1.078156
0.01806641, -0.2121582, -1.078156
0.01806641, -0.2121582, -1.078156
0.01806641, -0.2121582, -1.078156
0.01806641, -0.2121582, -1.078156
0.01806641, -0.2121582, -1.078156
0.01806641, -0.2121582, -1.078156
0.01806641, -0.2121582, -1.078156
-0.015625, -0.1826172, -0.9170227
-0.015625, -0.1826172, -0.9170227
-0.015625, -0.1826172, -0.9170227
-0.015625, -0.1826172, -0.9170227
-0.015625, -0.1826172, -0.9170227
-0.015625, -0.1826172, -0.9170227
-0.015625, -0.1826172, -0.9170227
-0.015625, -0.1826172, -0.9170227
-0.015625, -0.1826172, -0.9170227
-0.015625, -0.1826172, -0.9170227
-0.015625, -0.1826172, -0.9170227
-0.015625, -0.1826172, -0.9170227
-0.015625, -0.1826172, -0.9170227
-0.015625, -0.1826172, -0.9170227
-0.015625, -0.1826172, -0.9170227
-0.015625, -0.1826172, -0.9170227
-0.015625, -0.1826172, -0.9170227
-0.015625, -0.1826172, -0.9170227
-0.015625, -0.1826172, -0.9170227
-0.015625, -0.1826172, -0.9170227
0.01049805, -0.1853027, -1.077423
0.01049805, -0.1853027, -1.077423
0.01049805, -0.1853027, -1.077423
0.01049805, -0.1853027, -1.077423
0.01049805, -0.1853027, -1.077423
0.01049805, -0.1853027, -1.077423
0.01049805, -0.1853027, -1.077423
0.01049805, -0.1853027, -1.077423
0.01049805, -0.1853027, -1.077423
0.01049805, -0.1853027, -1.077423
0.01049805, -0.1853027, -1.077423
0.01049805, -0.1853027, -1.077423
0.01049805, -0.1853027, -1.077423
0.01049805, -0.1853027, -1.077423
0.01049805, -0.1853027, -1.077423
0.01049805, -0.1853027, -1.077423
0.01049805, -0.1853027, -1.077423
-0.01977539, -0.1708984, -0.9214172
-0.01977539, -0.1708984, -0.9214172
-0.01977539, -0.1708984, -0.9214172
-0.01977539, -0.1708984, -0.9214172
-0.01977539, -0.1708984, -0.9214172
-0.01977539, -0.1708984, -0.9214172
-0.01977539, -0.1708984, -0.9214172
-0.01977539, -0.1708984, -0.9214172
-0.01977539, -0.1708984, -0.9214172
-0.01977539, -0.1708984, -0.9214172
-0.01977539, -0.1708984, -0.9214172
-0.01977539, -0.1708984, -0.9214172
-0.01977539, -0.1708984, -0.9214172
-0.01977539, -0.1708984, -0.9214172
-0.01977539, -0.1708984, -0.9214172
-0.01977539, -0.1708984, -0.9214172
-0.01977539, -0.1708984, -0.9214172
-0.01196289, -0.1733398, -0.9233704
-0.01196289, -0.1733398, -0.9233704
-0.01196289, -0.1733398, -0.9233704
-0.01196289, -0.1733398, -0.9233704
-0.01196289, -0.1733398, -0.9233704
-0.01196289, -0.1733398, -0.9233704
-0.01196289, -0.1733398, -0.9233704
-0.01196289, -0.1733398, -0.9233704
-0.01196289, -0.1733398, -0.9233704
-0.01196289, -0.1733398, -0.9233704
-0.01196289, -0.1733398, -0.9233704
-0.01196289, -0.1733398, -0.9233704
-0.01196289, -0.1733398, -0.9233704
-0.01196289, -0.1733398, -0.9233704
-0.01196289, -0.1733398, -0.9233704
-0.01196289, -0.1733398, -0.9233704
-0.01196289, -0.1733398, -0.9233704
-0.01196289, -0.1733398, -0.9233704
-0.01196289, -0.1733398, -0.9233704
0.005371094, -0.201416, -0.9814758
0.005371094, -0.201416, -0.9814758
0.005371094, -0.201416, -0.9814758
0.005371094, -0.201416, -0.9814758
0.005371094, -0.201416, -0.9814758
0.005371094, -0.201416, -0.9814758
0.005371094, -0.201416, -0.9814758
0.005371094, -0.201416, -0.9814758
0.005371094, -0.201416, -0.9814758
0.005371094, -0.201416, -0.9814758
0.005371094, -0.201416, -0.9814758
0.005371094, -0.201416, -0.9814758
0.005371094, -0.201416, -0.9814758
0.005371094, -0.201416, -0.9814758
0.005371094, -0.201416, -0.9814758
0.005371094, -0.201416, -0.9814758
0.005371094, -0.201416, -0.9814758
0.005371094, -0.201416, -0.9814758
0.01586914, -0.1787109, -1.017365
0.01586914, -0.1787109, -1.017365
0.01586914, -0.1787109, -1.017365
0.01586914, -0.1787109, -1.017365
0.01586914, -0.1787109, -1.017365
0.01586914, -0.1787109, -1.017365
0.01586914, -0.1787109, -1.017365
0.01586914, -0.1787109, -1.017365
0.01586914, -0.1787109, -1.017365
0.01586914, -0.1787109, -1.017365
0.01586914, -0.1787109, -1.017365
0.01586914, -0.1787109, -1.017365
0.01586914, -0.1787109, -1.017365
0.01586914, -0.1787109, -1.017365
0.01586914, -0.1787109, -1.017365
0.01586914, -0.1787109, -1.017365
0.01586914, -0.1787109, -1.017365
0.01586914, -0.1787109, -1.017365
0.01586914, -0.1787109, -1.017365
0.00390625, -0.166748, -0.9726868
0.00390625, -0.166748, -0.9726868
0.00390625, -0.166748, -0.9726868
0.00390625, -0.166748, -0.9726868
0.00390625, -0.166748, -0.9726868
0.00390625, -0.166748, -0.9726868
0.00390625, -0.166748, -0.9726868
0.00390625, -0.166748, -0.9726868
0.00390625, -0.166748, -0.9726868
0.00390625, -0.166748, -0.9726868
0.00390625, -0.166748, -0.9726868
0.00390625, -0.166748, -0.9726868
0.00390625, -0.166748, -0.9726868
0.00390625, -0.166748, -0.9726868
0.00390625, -0.166748, -0.9726868
0.00390625, -0.166748, -0.9726868
0.00390625, -0.166748, -0.9726868
0.00390625, -0.166748, -0.9726868
0.00390625, -0.166748, -0.9726868
0.2346191, -0.2573242, -1.055206
0.2346191, -0.2573242, -1.055206
0.2346191, -0.2573242, -1.055206
0.2346191, -0.2573242, -1.055206
0.2346191, -0.2573242, -1.055206
0.2346191, -0.2573242, -1.055206
0.2346191, -0.2573242, -1.055206
0.2346191, -0.2573242, -1.055206
0.2346191, -0.2573242, -1.055206
0.2346191, -0.2573242, -1.055206
0.2346191, -0.2573242, -1.055206
0.2346191, -0.2573242, -1.055206
0.2346191, -0.2573242, -1.055206
0.2346191, -0.2573242, -1.055206
0.2346191, -0.2573242, -1.055206
0.2346191, -0.2573242, -1.055206
0.2346191, -0.2573242, -1.055206
0.09057617, -0.3117676, -0.9328918
0.09057617, -0.3117676, -0.9328918
0.09057617, -0.3117676, -0.9328918
0.09057617, -0.3117676, -0.9328918
0.09057617, -0.3117676, -0.9328918
0.09057617, -0.3117676, -0.9328918
0.09057617, -0.3117676, -0.9328918
0.09057617, -0.3117676, -0.9328918
0.09057617, -0.3117676, -0.9328918
0.09057617, -0.3117676, -0.9328918
0.09057617, -0.3117676, -0.9328918
0.09057617, -0.3117676, -0.9328918
0.09057617, -0.3117676, -0.9328918
0.09057617, -0.3117676, -0.9328918
0.09057617, -0.3117676, -0.9328918
0.09057617, -0.3117676, -0.9328918
0.09057617, -0.3117676, -0.9328918
0.09057617, -0.3117676, -0.9328918
-0.05151367, -0.007080078, -0.9116516
-0.05151367, -0.007080078, -0.9116516
-0.05151367, -0.007080078, -0.9116516
-0.05151367, -0.007080078, -0.9116516
-0.05151367, -0.007080078, -0.9116516
-0.05151367, -0.007080078, -0.9116516
-0.05151367, -0.007080078, -0.9116516
-0.05151367, -0.007080078, -0.9116516
-0.05151367, -0.007080078, -0.9116516
-0.05151367, -0.007080078, -0.9116516
-0.05151367, -0.007080078, -0.9116516
-0.05151367, -0.007080078, -0.9116516
-0.05151367, -0.007080078, -0.9116516
-0.05151367, -0.007080078, -0.9116516
-0.05151367, -0.007080078, -0.9116516
-0.05151367, -0.007080078, -0.9116516
-0.05151367, -0.007080078, -0.9116516
-0.05151367, -0.007080078, -0.9116516
-0.05151367, -0.007080078, -0.9116516
0.1589355, -0.2077637, -0.8523254
0.1589355, -0.2077637, -0.8523254
0.1589355, -0.2077637, -0.8523254
0.1589355, -0.2077637, -0.8523254
0.1589355, -0.2077637, -0.8523254
0.1589355, -0.2077637, -0.8523254
0.1589355, -0.2077637, -0.8523254
0.1589355, -0.2077637, -0.8523254
0.1589355, -0.2077637, -0.8523254
0.1589355, -0.2077637, -0.8523254
0.1589355, -0.2077637, -0.8523254
0.1589355, -0.2077637, -0.8523254
0.1589355, -0.2077637, -0.8523254
0.1589355, -0.2077637, -0.8523254
0.1589355, -0.2077637, -0.8523254
0.1589355, -0.2077637, -0.8523254
0.1589355, -0.2077637, -0.8523254
0.1589355, -0.2077637, -0.8523254
0.1589355, -0.2077637, -0.8523254
0.1040039, -0.4572754, -0.9536437
0.1040039, -0.4572754, -0.9536437
0.1040039, -0.4572754, -0.9536437
0.1040039, -0.4572754, -0.9536437
0.1040039, -0.4572754, -0.9536437
0.1040039, -0.4572754, -0.9536437
0.1040039, -0.4572754, -0.9536437
0.1040039, -0.4572754, -0.9536437
0.1040039, -0.4572754, -0.9536437
0.1040039, -0.4572754, -0.9536437
0.1040039, -0.4572754, -0.9536437
0.1040039, -0.4572754, -0.9536437
0.1040039, -0.4572754, -0.9536437
0.1040039, -0.4572754, -0.9536437
0.1040039, -0.4572754, -0.9536437
0.1040039, -0.4572754, -0.9536437
0.1040039, -0.4572754, -0.9536437
0.1040039, -0.4572754, -0.9536437
0.1801758, -0.4321289, -0.8445129
0.1801758, -0.4321289, -0.8445129
0.1801758, -0.4321289, -0.8445129
0.1801758, -0.4321289, -0.8445129
0.1801758, -0.4321289, -0.8445129
0.1801758, -0.4321289, -0.8445129
0.1801758, -0.4321289, -0.8445129
0.1801758, -0.4321289, -0.8445129
0.1801758, -0.4321289, -0.8445129
0.1801758, -0.4321289, -0.8445129
0.1801758, -0.4321289, -0.8445129
0.1801758, -0.4321289, -0.8445129
0.1801758, -0.4321289, -0.8445129
0.1801758, -0.4321289, -0.8445129
0.1801758, -0.4321289, -0.8445129
0.1801758, -0.4321289, -0.8445129
0.1801758, -0.4321289, -0.8445129
0.184082, -0.2949219, -0.995636
0.184082, -0.2949219, -0.995636
0.184082, -0.2949219, -0.995636
0.184082, -0.2949219, -0.995636
0.184082, -0.2949219, -0.995636
0.184082, -0.2949219, -0.995636
0.184082, -0.2949219, -0.995636
0.184082, -0.2949219, -0.995636
0.184082, -0.2949219, -0.995636
0.184082, -0.2949219, -0.995636
0.184082, -0.2949219, -0.995636
0.184082, -0.2949219, -0.995636
0.184082, -0.2949219, -0.995636
0.184082, -0.2949219, -0.995636
0.184082, -0.2949219, -0.995636
0.184082, -0.2949219, -0.995636
0.5630188, -0.2895508, -1.175568
0.5630188, -0.2895508, -1.175568
0.5630188, -0.2895508, -1.175568
0.5630188, -0.2895508, -1.175568
0.5630188, -0.2895508, -1.175568
0.5630188, -0.2895508, -1.175568
0.5630188, -0.2895508, -1.175568
0.5630188, -0.2895508, -1.175568
0.5630188, -0.2895508, -1.175568
0.5630188, -0.2895508, -1.175568
0.5630188, -0.2895508, -1.175568
0.5630188, -0.2895508, -1.175568
0.5630188, -0.2895508, -1.175568
0.5630188, -0.2895508, -1.175568
0.5630188, -0.2895508, -1.175568
0.5630188, -0.2895508, -1.175568
0.5630188, -0.2895508, -1.175568
0.4296875, -0.2944336, -0.8554992
0.4296875, -0.2944336, -0.8554992
0.4296875, -0.2944336, -0.8554992
0.4296875, -0.2944336, -0.8554992
0.4296875, -0.2944336, -0.8554992
0.4296875, -0.2944336, -0.8554992
0.4296875, -0.2944336, -0.8554992
0.4296875, -0.2944336, -0.8554992
0.4296875, -0.2944336, -0.8554992
0.4296875, -0.2944336, -0.8554992
0.4296875, -0.2944336, -0.8554992
0.4296875, -0.2944336, -0.8554992
0.4296875, -0.2944336, -0.8554992
0.4296875, -0.2944336, -0.8554992
0.4296875, -0.2944336, -0.8554992
0.4296875, -0.2944336, -0.8554992
0.4296875, -0.2944336, -0.8554992
0.4296875, -0.2944336, -0.8554992
0.5359192, -0.1936035, -0.7893372
0.5359192, -0.1936035, -0.7893372
0.5359192, -0.1936035, -0.7893372
0.5359192, -0.1936035, -0.7893372
0.5359192, -0.1936035, -0.7893372
0.5359192, -0.1936035, -0.7893372
0.5359192, -0.1936035, -0.7893372
0.5359192, -0.1936035, -0.7893372
0.5359192, -0.1936035, -0.7893372
0.5359192, -0.1936035, -0.7893372
0.5359192, -0.1936035, -0.7893372
0.5359192, -0.1936035, -0.7893372
0.5359192, -0.1936035, -0.7893372
0.5359192, -0.1936035, -0.7893372
0.5359192, -0.1936035, -0.7893372
0.5359192, -0.1936035, -0.7893372
0.5359192, -0.1936035, -0.7893372
0.5359192, -0.1936035, -0.7893372
0.5359192, -0.1936035, -0.7893372
0.8396301, -0.078125, -0.7983704
0.8396301, -0.078125, -0.7983704
0.8396301, -0.078125, -0.7983704
0.8396301, -0.078125, -0.7983704
0.8396301, -0.078125, -0.7983704
0.8396301, -0.078125, -0.7983704
0.8396301, -0.078125, -0.7983704
0.8396301, -0.078125, -0.7983704
0.8396301, -0.078125, -0.7983704
0.8396301, -0.078125, -0.7983704
0.8396301, -0.078125, -0.7983704
0.8396301, -0.078125, -0.7983704
0.8396301, -0.078125, -0.7983704
0.8396301, -0.078125, -0.7983704
0.8396301, -0.078125, -0.7983704
0.8396301, -0.078125, -0.7983704
0.8396301, -0.078125, -0.7983704
0.8396301, -0.078125, -0.7983704
0.9524231, -0.05273437, -0.6416321
0.9524231, -0.05273437, -0.6416321
0.9524231, -0.05273437, -0.6416321
0.9524231, -0.05273437, -0.6416321
0.9524231, -0.05273437, -0.6416321
0.9524231, -0.05273437, -0.6416321
0.9524231, -0.05273437, -0.6416321
0.9524231, -0.05273437, -0.6416321
0.9524231, -0.05273437, -0.6416321
0.9524231, -0.05273437, -0.6416321
0.9524231, -0.05273437, -0.6416321
0.9524231, -0.05273437, -0.6416321
0.9524231, -0.05273437, -0.6416321
0.9524231, -0.05273437, -0.6416321
0.9524231, -0.05273437, -0.6416321
0.9524231, -0.05273437, -0.6416321
0.9524231, -0.05273437, -0.6416321
0.9524231, -0.05273437, -0.6416321
0.9433898, -0.1984863, -0.4060059
0.9433898, -0.1984863, -0.4060059
0.9433898, -0.1984863, -0.4060059
0.9433898, -0.1984863, -0.4060059
0.9433898, -0.1984863, -0.4060059
0.9433898, -0.1984863, -0.4060059
0.9433898, -0.1984863, -0.4060059
0.9433898, -0.1984863, -0.4060059
0.9433898, -0.1984863, -0.4060059
0.9433898, -0.1984863, -0.4060059
0.9433898, -0.1984863, -0.4060059
0.9433898, -0.1984863, -0.4060059
0.9433898, -0.1984863, -0.4060059
0.9433898, -0.1984863, -0.4060059
0.9433898, -0.1984863, -0.4060059
0.9433898, -0.1984863, -0.4060059
0.9433898, -0.1984863, -0.4060059
0.9433898, -0.1984863, -0.4060059
1.063263, -0.135498, -0.411377
1.063263, -0.135498, -0.411377
1.063263, -0.135498, -0.411377
1.063263, -0.135498, -0.411377
1.063263, -0.135498, -0.411377
1.063263, -0.135498, -0.411377
1.063263, -0.135498, -0.411377
1.063263, -0.135498, -0.411377
1.063263, -0.135498, -0.411377
1.063263, -0.135498, -0.411377
1.063263, -0.135498, -0.411377
1.063263, -0.135498, -0.411377
1.063263, -0.135498, -0.411377
1.063263, -0.135498, -0.411377
1.063263, -0.135498, -0.411377
1.063263, -0.135498, -0.411377
1.063263, -0.135498, -0.411377
1.063263, -0.135498, -0.411377
0.9543762, -0.1259766, -0.142334
0.9543762, -0.1259766, -0.142334
0.9543762, -0.1259766, -0.142334
0.9543762, -0.1259766, -0.142334
0.9543762, -0.1259766, -0.142334
0.9543762, -0.1259766, -0.142334
0.9543762, -0.1259766, -0.142334
0.9543762, -0.1259766, -0.142334
0.9543762, -0.1259766, -0.142334
0.9543762, -0.1259766, -0.142334
0.9543762, -0.1259766, -0.142334
0.9543762, -0.1259766, -0.142334
0.9543762, -0.1259766, -0.142334
0.9543762, -0.1259766, -0.142334
0.9543762, -0.1259766, -0.142334
0.9543762, -0.1259766, -0.142334
0.9543762, -0.1259766, -0.142334
1.115265, -0.1223145, -0.1635742
1.115265, -0.1223145, -0.1635742
1.115265, -0.1223145, -0.1635742
1.115265, -0.1223145, -0.1635742
1.115265, -0.1223145, -0.1635742
1.115265, -0.1223145, -0.1635742
1.115265, -0.1223145, -0.1635742
1.115265, -0.1223145, -0.1635742
1.115265, -0.1223145, -0.1635742
1.115265, -0.1223145, -0.1635742
1.115265, -0.1223145, -0.1635742
1.115265, -0.1223145, -0.1635742
1.115265, -0.1223145, -0.1635742
1.115265, -0.1223145, -0.1635742
1.115265, -0.1223145, -0.1635742
1.115265, -0.1223145, -0.1635742
1.115265, -0.1223145, -0.1635742
1.115265, -0.1223145, -0.1635742
1.115265, -0.1223145, -0.1635742
1.064728, -0.005615234, -0.1118164
1.064728, -0.005615234, -0.1118164
1.064728, -0.005615234, -0.1118164
1.064728, -0.005615234, -0.1118164
1.064728, -0.005615234, -0.1118164
1.064728, -0.005615234, -0.1118164
1.064728, -0.005615234, -0.1118164
1.064728, -0.005615234, -0.1118164
1.064728, -0.005615234, -0.1118164
1.064728, -0.005615234, -0.1118164
1.064728, -0.005615234, -0.1118164
1.064728, -0.005615234, -0.1118164
1.064728, -0.005615234, -0.1118164
1.064728, -0.005615234, -0.1118164
1.064728, -0.005615234, -0.1118164
1.064728, -0.005615234, -0.1118164
1.064728, -0.005615234, -0.1118164
1.064728, -0.005615234, -0.1118164
0.9394836, 0.1264648, 0.01147461
0.9394836, 0.1264648, 0.01147461
0.9394836, 0.1264648, 0.01147461
0.9394836, 0.1264648, 0.01147461
0.9394836, 0.1264648, 0.01147461
0.9394836, 0.1264648, 0.01147461
0.9394836, 0.1264648, 0.01147461
0.9394836, 0.1264648, 0.01147461
0.9394836, 0.1264648, 0.01147461
0.9394836, 0.1264648, 0.01147461
0.9394836, 0.1264648, 0.01147461
0.9394836, 0.1264648, 0.01147461
0.9394836, 0.1264648, 0.01147461
0.9394836, 0.1264648, 0.01147461
0.9394836, 0.1264648, 0.01147461
0.9394836, 0.1264648, 0.01147461
0.9394836, 0.1264648, 0.01147461
0.9394836, 0.1264648, 0.01147461
0.9394836, 0.1264648, 0.01147461
0.9394836, 0.1264648, 0.01147461
0.9394836, 0.1264648, 0.01147461
0.9394836, 0.1264648, 0.01147461
0.9394836, 0.1264648, 0.01147461
0.9394836, 0.1264648, 0.01147461
0.9082336, 0.1850586, 0.105957
0.9082336, 0.1850586, 0.105957
0.9082336, 0.1850586, 0.105957
0.9082336, 0.1850586, 0.105957
0.9082336, 0.1850586, 0.105957
0.9082336, 0.1850586, 0.105957
0.9082336, 0.1850586, 0.105957
0.9082336, 0.1850586, 0.105957
0.9082336, 0.1850586, 0.105957
0.9082336, 0.1850586, 0.105957
0.9082336, 0.1850586, 0.105957
0.9082336, 0.1850586, 0.105957
0.9082336, 0.1850586, 0.105957
0.9082336, 0.1850586, 0.105957
0.9082336, 0.1850586, 0.105957
0.9082336, 0.1850586, 0.105957
0.9082336, 0.1850586, 0.105957
0.9082336, 0.1850586, 0.105957
0.9082336, 0.1850586, 0.105957
0.9082336, 0.1850586, 0.105957
0.9082336, 0.1850586, 0.105957
0.9082336, 0.1850586, 0.105957
0.9082336, 0.1850586, 0.105957
0.9082336, 0.1850586, 0.105957
0.9082336, 0.1850586, 0.105957
0.9082336, 0.1850586, 0.105957
0.9082336, 0.1850586, 0.105957
0.9082336, 0.1850586, 0.105957
0.1411133, -0.7978821, -0.145752
0.1411133, -0.7978821, -0.145752
0.1411133, -0.7978821, -0.145752
0.1411133, -0.7978821, -0.145752
0.1411133, -0.7978821, -0.145752
0.1411133, -0.7978821, -0.145752
0.1411133, -0.7978821, -0.145752
0.1411133, -0.7978821, -0.145752
0.1411133, -0.7978821, -0.145752
0.1411133, -0.7978821, -0.145752
0.1411133, -0.7978821, -0.145752
0.1411133, -0.7978821, -0.145752
0.1411133, -0.7978821, -0.145752
0.1411133, -0.7978821, -0.145752
0.1411133, -0.7978821, -0.145752
0.1411133, -0.7978821, -0.145752
0.1411133, -0.7978821, -0.145752
0.1411133, -0.7978821, -0.145752
-0.326416, -0.5810852, -0.2739258
-0.326416, -0.5810852, -0.2739258
-0.326416, -0.5810852, -0.2739258
-0.326416, -0.5810852, -0.2739258
-0.326416, -0.5810852, -0.2739258
-0.326416, -0.5810852, -0.2739258
-0.326416, -0.5810852, -0.2739258
-0.326416, -0.5810852, -0.2739258
-0.326416, -0.5810852, -0.2739258
-0.326416, -0.5810852, -0.2739258
-0.326416, -0.5810852, -0.2739258
-0.326416, -0.5810852, -0.2739258
-0.326416, -0.5810852, -0.2739258
-0.326416, -0.5810852, -0.2739258
-0.326416, -0.5810852, -0.2739258
-0.326416, -0.5810852, -0.2739258
-0.326416, -0.5810852, -0.2739258
-0.326416, -0.5810852, -0.2739258
-0.3100586, -1.151642, -0.293457
-0.3100586, -1.151642, -0.293457
-0.3100586, -1.151642, -0.293457
-0.3100586, -1.151642, -0.293457
-0.3100586, -1.151642, -0.293457
-0.3100586, -1.151642, -0.293457
-0.3100586, -1.151642, -0.293457
-0.3100586, -1.151642, -0.293457
-0.3100586, -1.151642, -0.293457
-0.3100586, -1.151642, -0.293457
-0.3100586, -1.151642, -0.293457
-0.3100586, -1.151642, -0.293457
-0.3100586, -1.151642, -0.293457
-0.3100586, -1.151642, -0.293457
-0.3100586, -1.151642, -0.293457
-0.3100586, -1.151642, -0.293457
-0.3100586, -1.151642, -0.293457
-0.3100586, -1.151642, -0.293457
0.1940918, -1.503235, 0.1022949
0.1940918, -1.503235, 0.1022949
0.1940918, -1.503235, 0.1022949
0.1940918, -1.503235, 0.1022949
0.1940918, -1.503235, 0.1022949
0.1940918, -1.503235, 0.1022949
0.1940918, -1.503235, 0.1022949
0.1940918, -1.503235, 0.1022949
0.1940918, -1.503235, 0.1022949
0.1940918, -1.503235, 0.1022949
0.1940918, -1.503235, 0.1022949
0.1940918, -1.503235, 0.1022949
0.1940918, -1.503235, 0.1022949
0.1940918, -1.503235, 0.1022949
0.1940918, -1.503235, 0.1022949
0.1940918, -1.503235, 0.1022949
0.1940918, -1.503235, 0.1022949
0.1940918, -1.503235, 0.1022949
0.2041016, -1.405304, 0.01220703
0.2041016, -1.405304, 0.01220703
0.2041016, -1.405304, 0.01220703
0.2041016, -1.405304, 0.01220703
0.2041016, -1.405304, 0.01220703
0.2041016, -1.405304, 0.01220703
0.2041016, -1.405304, 0.01220703
0.2041016, -1.405304, 0.01220703
0.2041016, -1.405304, 0.01220703
0.2041016, -1.405304, 0.01220703
0.2041016, -1.405304, 0.01220703
0.2041016, -1.405304, 0.01220703
0.2041016, -1.405304, 0.01220703
0.2041016, -1.405304, 0.01220703
0.2041016, -1.405304, 0.01220703
0.2041016, -1.405304, 0.01220703
0.2041016, -1.405304, 0.01220703
0.2041016, -1.405304, 0.01220703
0.1516113, -1.144073, 0.03857422
0.1516113, -1.144073, 0.03857422
0.1516113, -1.144073, 0.03857422
0.1516113, -1.144073, 0.03857422
0.1516113, -1.144073, 0.03857422
0.1516113, -1.144073, 0.03857422
0.1516113, -1.144073, 0.03857422
0.1516113, -1.144073, 0.03857422
0.1516113, -1.144073, 0.03857422
0.1516113, -1.144073, 0.03857422
0.1516113, -1.144073, 0.03857422
0.1516113, -1.144073, 0.03857422
0.1516113, -1.144073, 0.03857422
0.1516113, -1.144073, 0.03857422
0.1516113, -1.144073, 0.03857422
0.1516113, -1.144073, 0.03857422
0.1516113, -1.144073, 0.03857422
0.1516113, -1.144073, 0.03857422
-0.1347656, -1.063995, 0.006103516
-0.1347656, -1.063995, 0.006103516
-0.1347656, -1.063995, 0.006103516
-0.1347656, -1.063995, 0.006103516
-0.1347656, -1.063995, 0.006103516
-0.1347656, -1.063995, 0.006103516
-0.1347656, -1.063995, 0.006103516
-0.1347656, -1.063995, 0.006103516
-0.1347656, -1.063995, 0.006103516
-0.1347656, -1.063995, 0.006103516
-0.1347656, -1.063995, 0.006103516
-0.1347656, -1.063995, 0.006103516
-0.1347656, -1.063995, 0.006103516
-0.1347656, -1.063995, 0.006103516
-0.1347656, -1.063995, 0.006103516
-0.1347656, -1.063995, 0.006103516
-0.1347656, -1.063995, 0.006103516
-0.1347656, -1.063995, 0.006103516
-0.1552734, -0.9565734, 0.07055664
-0.1552734, -0.9565734, 0.07055664
-0.1552734, -0.9565734, 0.07055664
-0.1552734, -0.9565734, 0.07055664
-0.1552734, -0.9565734, 0.07055664
-0.1552734, -0.9565734, 0.07055664
-0.1552734, -0.9565734, 0.07055664
-0.1552734, -0.9565734, 0.07055664
-0.1552734, -0.9565734, 0.07055664
-0.1552734, -0.9565734, 0.07055664
-0.1552734, -0.9565734, 0.07055664
-0.1552734, -0.9565734, 0.07055664
-0.1552734, -0.9565734, 0.07055664
-0.1552734, -0.9565734, 0.07055664
-0.1552734, -0.9565734, 0.07055664
-0.1552734, -0.9565734, 0.07055664
-0.1552734, -0.9565734, 0.07055664
-0.1552734, -0.9565734, 0.07055664
-0.1218262, -0.9375305, 0.07983398
-0.1218262, -0.9375305, 0.07983398
-0.1218262, -0.9375305, 0.07983398
-0.1218262, -0.9375305, 0.07983398
-0.1218262, -0.9375305, 0.07983398
-0.1218262, -0.9375305, 0.07983398
-0.1218262, -0.9375305, 0.07983398
-0.1218262, -0.9375305, 0.07983398
-0.1218262, -0.9375305, 0.07983398
-0.1218262, -0.9375305, 0.07983398
-0.1218262, -0.9375305, 0.07983398
-0.1218262, -0.9375305, 0.07983398
-0.1218262, -0.9375305, 0.07983398
-0.1218262, -0.9375305, 0.07983398
-0.1218262, -0.9375305, 0.07983398
-0.1218262, -0.9375305, 0.07983398
-0.1218262, -0.9375305, 0.07983398
-0.1218262, -0.9375305, 0.07983398
-0.1218262, -0.9375305, 0.07983398
-0.09741211, -0.7864075, 0.06445313
-0.09741211, -0.7864075, 0.06445313
-0.09741211, -0.7864075, 0.06445313
-0.09741211, -0.7864075, 0.06445313
-0.09741211, -0.7864075, 0.06445313
-0.09741211, -0.7864075, 0.06445313
-0.09741211, -0.7864075, 0.06445313
-0.09741211, -0.7864075, 0.06445313
-0.09741211, -0.7864075, 0.06445313
-0.09741211, -0.7864075, 0.06445313
-0.09741211, -0.7864075, 0.06445313
-0.09741211, -0.7864075, 0.06445313
-0.09741211, -0.7864075, 0.06445313
-0.09741211, -0.7864075, 0.06445313
-0.09741211, -0.7864075, 0.06445313
-0.09741211, -0.7864075, 0.06445313
-0.09741211, -0.7864075, 0.06445313
-0.09741211, -0.7864075, 0.06445313
-0.09741211, -0.7864075, 0.06445313
0.02392578, -0.9050598, 0.1582031
0.02392578, -0.9050598, 0.1582031
0.02392578, -0.9050598, 0.1582031
0.02392578, -0.9050598, 0.1582031
0.02392578, -0.9050598, 0.1582031
0.02392578, -0.9050598, 0.1582031
0.02392578, -0.9050598, 0.1582031
0.02392578, -0.9050598, 0.1582031
0.02392578, -0.9050598, 0.1582031
0.02392578, -0.9050598, 0.1582031
0.02392578, -0.9050598, 0.1582031
0.02392578, -0.9050598, 0.1582031
0.02392578, -0.9050598, 0.1582031
0.02392578, -0.9050598, 0.1582031
0.02392578, -0.9050598, 0.1582031
0.02392578, -0.9050598, 0.1582031
0.02392578, -0.9050598, 0.1582031
0.02392578, -0.9050598, 0.1582031
-0.0258789, -0.8926086, -0.3723145
-0.0258789, -0.8926086, -0.3723145
-0.0258789, -0.8926086, -0.3723145
-0.0258789, -0.8926086, -0.3723145
-0.0258789, -0.8926086, -0.3723145
-0.0258789, -0.8926086, -0.3723145
-0.0258789, -0.8926086, -0.3723145
-0.0258789, -0.8926086, -0.3723145
-0.0258789, -0.8926086, -0.3723145
-0.0258789, -0.8926086, -0.3723145
-0.0258789, -0.8926086, -0.3723145
-0.0258789, -0.8926086, -0.3723145
-0.0258789, -0.8926086, -0.3723145
-0.0258789, -0.8926086, -0.3723145
-0.0258789, -0.8926086, -0.3723145
-0.0258789, -0.8926086, -0.3723145
-0.0258789, -0.8926086, -0.3723145
-0.0258789, -0.8926086, -0.3723145
0.1052246, -0.867218, -0.2956543
0.1052246, -0.867218, -0.2956543
0.1052246, -0.867218, -0.2956543
0.1052246, -0.867218, -0.2956543
0.1052246, -0.867218, -0.2956543
0.1052246, -0.867218, -0.2956543
0.1052246, -0.867218, -0.2956543
0.1052246, -0.867218, -0.2956543
0.1052246, -0.867218, -0.2956543
0.1052246, -0.867218, -0.2956543
0.1052246, -0.867218, -0.2956543
0.1052246, -0.867218, -0.2956543
0.1052246, -0.867218, -0.2956543
0.1052246, -0.867218, -0.2956543
0.1052246, -0.867218, -0.2956543
0.1052246, -0.867218, -0.2956543
0.1052246, -0.867218, -0.2956543
0.1052246, -0.867218, -0.2956543
0.1052246, -0.867218, -0.2956543
0.04736328, -0.9172668, -0.2836914
0.04736328, -0.9172668, -0.2836914
0.04736328, -0.9172668, -0.2836914
0.04736328, -0.9172668, -0.2836914
0.04736328, -0.9172668, -0.2836914
0.04736328, -0.9172668, -0.2836914
0.04736328, -0.9172668, -0.2836914
0.04736328, -0.9172668, -0.2836914
0.04736328, -0.9172668, -0.2836914
0.04736328, -0.9172668, -0.2836914
0.04736328, -0.9172668, -0.2836914
0.04736328, -0.9172668, -0.2836914
0.04736328, -0.9172668, -0.2836914
0.04736328, -0.9172668, -0.2836914
0.04736328, -0.9172668, -0.2836914
0.04736328, -0.9172668, -0.2836914
0.04736328, -0.9172668, -0.2836914
0.04736328, -0.9172668, -0.2836914
-0.01977539, -0.9397278, -0.3215332
-0.01977539, -0.9397278, -0.3215332
-0.01977539, -0.9397278, -0.3215332
-0.01977539, -0.9397278, -0.3215332
-0.01977539, -0.9397278, -0.3215332
-0.01977539, -0.9397278, -0.3215332
-0.01977539, -0.9397278, -0.3215332
-0.01977539, -0.9397278, -0.3215332
-0.01977539, -0.9397278, -0.3215332
-0.01977539, -0.9397278, -0.3215332
-0.01977539, -0.9397278, -0.3215332
-0.01977539, -0.9397278, -0.3215332
-0.01977539, -0.9397278, -0.3215332
-0.01977539, -0.9397278, -0.3215332
-0.01977539, -0.9397278, -0.3215332
-0.01977539, -0.9397278, -0.3215332
-0.01977539, -0.9397278, -0.3215332
-0.1486816, -1.163605, -0.123291
-0.1486816, -1.163605, -0.123291
-0.1486816, -1.163605, -0.123291
-0.1486816, -1.163605, -0.123291
-0.1486816, -1.163605, -0.123291
-0.1486816, -1.163605, -0.123291
-0.1486816, -1.163605, -0.123291
-0.1486816, -1.163605, -0.123291
-0.1486816, -1.163605, -0.123291
-0.1486816, -1.163605, -0.123291
-0.1486816, -1.163605, -0.123291
-0.1486816, -1.163605, -0.123291
-0.1486816, -1.163605, -0.123291
-0.1486816, -1.163605, -0.123291
-0.1486816, -1.163605, -0.123291
-0.1486816, -1.163605, -0.123291
-0.1486816, -1.163605, -0.123291
-0.1486816, -1.163605, -0.123291
-0.1486816, -1.163605, -0.123291
-0.1040039, -0.95755, 0.04272461
-0.1040039, -0.95755, 0.04272461
-0.1040039, -0.95755, 0.04272461
-0.1040039, -0.95755, 0.04272461
-0.1040039, -0.95755, 0.04272461
-0.1040039, -0.95755, 0.04272461
-0.1040039, -0.95755, 0.04272461
-0.1040039, -0.95755, 0.04272461
-0.1040039, -0.95755, 0.04272461
-0.1040039, -0.95755, 0.04272461
-0.1040039, -0.95755, 0.04272461
-0.1040039, -0.95755, 0.04272461
-0.1040039, -0.95755, 0.04272461
-0.1040039, -0.95755, 0.04272461
-0.1040039, -0.95755, 0.04272461
-0.1040039, -0.95755, 0.04272461
-0.1040039, -0.95755, 0.04272461
-0.1040039, -0.95755, 0.04272461
-0.1345215, -0.7331848, 0.2060547
-0.1345215, -0.7331848, 0.2060547
-0.1345215, -0.7331848, 0.2060547
-0.1345215, -0.7331848, 0.2060547
-0.1345215, -0.7331848, 0.2060547
-0.1345215, -0.7331848, 0.2060547
-0.1345215, -0.7331848, 0.2060547
-0.1345215, -0.7331848, 0.2060547
-0.1345215, -0.7331848, 0.2060547
-0.1345215, -0.7331848, 0.2060547
-0.1345215, -0.7331848, 0.2060547
-0.1345215, -0.7331848, 0.2060547
-0.1345215, -0.7331848, 0.2060547
-0.1345215, -0.7331848, 0.2060547
-0.1345215, -0.7331848, 0.2060547
-0.1345215, -0.7331848, 0.2060547
-0.1345215, -0.7331848, 0.2060547
-0.1345215, -0.7331848, 0.2060547
-0.03295898, -0.6594543, 0.4492188
-0.03295898, -0.6594543, 0.4492188
-0.03295898, -0.6594543, 0.4492188
-0.03295898, -0.6594543, 0.4492188
-0.03295898, -0.6594543, 0.4492188
-0.03295898, -0.6594543, 0.4492188
-0.03295898, -0.6594543, 0.4492188
-0.03295898, -0.6594543, 0.4492188
-0.03295898, -0.6594543, 0.4492188
-0.03295898, -0.6594543, 0.4492188
-0.03295898, -0.6594543, 0.4492188
-0.03295898, -0.6594543, 0.4492188
-0.03295898, -0.6594543, 0.4492188
-0.03295898, -0.6594543, 0.4492188
-0.03295898, -0.6594543, 0.4492188
-0.03295898, -0.6594543, 0.4492188
-0.03295898, -0.6594543, 0.4492188
-0.03295898, -0.6594543, 0.4492188
-0.03295898, -0.6594543, 0.4492188
-0.6804504, -1.091339, -0.3874511
-0.6804504, -1.091339, -0.3874511
-0.6804504, -1.091339, -0.3874511
-0.6804504, -1.091339, -0.3874511
-0.6804504, -1.091339, -0.3874511
-0.6804504, -1.091339, -0.3874511
-0.6804504, -1.091339, -0.3874511
-0.6804504, -1.091339, -0.3874511
-0.6804504, -1.091339, -0.3874511
-0.6804504, -1.091339, -0.3874511
-0.6804504, -1.091339, -0.3874511
-0.6804504, -1.091339, -0.3874511
-0.6804504, -1.091339, -0.3874511
-0.6804504, -1.091339, -0.3874511
-0.6804504, -1.091339, -0.3874511
-0.6804504, -1.091339, -0.3874511
-0.6804504, -1.091339, -0.3874511
-0.7944641, -1.788635, -1.605042
-0.7944641, -1.788635, -1.605042
-0.7944641, -1.788635, -1.605042
-0.7944641, -1.788635, -1.605042
-0.7944641, -1.788635, -1.605042
-0.7944641, -1.788635, -1.605042
-0.7944641, -1.788635, -1.605042
-0.7944641, -1.788635, -1.605042
-0.7944641, -1.788635, -1.605042
-0.7944641, -1.788635, -1.605042
-0.7944641, -1.788635, -1.605042
-0.7944641, -1.788635, -1.605042
-0.7944641, -1.788635, -1.605042
-0.7944641, -1.788635, -1.605042
-0.7944641, -1.788635, -1.605042
-0.7944641, -1.788635, -1.605042
0.1469727, -0.4257813, -0.870636
0.1469727, -0.4257813, -0.870636
0.1469727, -0.4257813, -0.870636
0.1469727, -0.4257813, -0.870636
0.1469727, -0.4257813, -0.870636
0.1469727, -0.4257813, -0.870636
0.1469727, -0.4257813, -0.870636
0.1469727, -0.4257813, -0.870636
0.1469727, -0.4257813, -0.870636
0.1469727, -0.4257813, -0.870636
0.1469727, -0.4257813, -0.870636
0.1469727, -0.4257813, -0.870636
0.1469727, -0.4257813, -0.870636
0.1469727, -0.4257813, -0.870636
0.1469727, -0.4257813, -0.870636
0.1469727, -0.4257813, -0.870636
-0.2216797, -0.5317688, -0.7912903
-0.2216797, -0.5317688, -0.7912903
-0.2216797, -0.5317688, -0.7912903
-0.2216797, -0.5317688, -0.7912903
-0.2216797, -0.5317688, -0.7912903
-0.2216797, -0.5317688, -0.7912903
-0.2216797, -0.5317688, -0.7912903
-0.2216797, -0.5317688, -0.7912903
-0.2216797, -0.5317688, -0.7912903
-0.2216797, -0.5317688, -0.7912903
-0.2216797, -0.5317688, -0.7912903
-0.2216797, -0.5317688, -0.7912903
-0.2216797, -0.5317688, -0.7912903
-0.2216797, -0.5317688, -0.7912903
-0.2216797, -0.5317688, -0.7912903
-0.1367188, -0.5085754, -0.691925
-0.1367188, -0.5085754, -0.691925
-0.1367188, -0.5085754, -0.691925
-0.1367188, -0.5085754, -0.691925
-0.1367188, -0.5085754, -0.691925
-0.1367188, -0.5085754, -0.691925
-0.1367188, -0.5085754, -0.691925
-0.1367188, -0.5085754, -0.691925
-0.1367188, -0.5085754, -0.691925
-0.1367188, -0.5085754, -0.691925
-0.1367188, -0.5085754, -0.691925
-0.1367188, -0.5085754, -0.691925
-0.1367188, -0.5085754, -0.691925
-0.1367188, -0.5085754, -0.691925
-0.1367188, -0.5085754, -0.691925
-0.1367188, -0.5085754, -0.691925
-0.1604004, -0.354248, -0.9079894
-0.1604004, -0.354248, -0.9079894
-0.1604004, -0.354248, -0.9079894
-0.1604004, -0.354248, -0.9079894
-0.1604004, -0.354248, -0.9079894
-0.1604004, -0.354248, -0.9079894
-0.1604004, -0.354248, -0.9079894
-0.1604004, -0.354248, -0.9079894
-0.1604004, -0.354248, -0.9079894
-0.1604004, -0.354248, -0.9079894
-0.1604004, -0.354248, -0.9079894
-0.1604004, -0.354248, -0.9079894
-0.1604004, -0.354248, -0.9079894
-0.1604004, -0.354248, -0.9079894
-0.1604004, -0.354248, -0.9079894
-0.1418457, -0.3193359, -0.8804017
-0.1418457, -0.3193359, -0.8804017
-0.1418457, -0.3193359, -0.8804017
-0.1418457, -0.3193359, -0.8804017
-0.1418457, -0.3193359, -0.8804017
-0.1418457, -0.3193359, -0.8804017
-0.1418457, -0.3193359, -0.8804017
-0.1418457, -0.3193359, -0.8804017
-0.1418457, -0.3193359, -0.8804017
-0.1418457, -0.3193359, -0.8804017
-0.1418457, -0.3193359, -0.8804017
-0.1418457, -0.3193359, -0.8804017
-0.1418457, -0.3193359, -0.8804017
-0.1418457, -0.3193359, -0.8804017
-0.1418457, -0.3193359, -0.8804017
-0.1237793, -0.3718262, -0.9763489
-0.1237793, -0.3718262, -0.9763489
-0.1237793, -0.3718262, -0.9763489
-0.1237793, -0.3718262, -0.9763489
-0.1237793, -0.3718262, -0.9763489
-0.1237793, -0.3718262, -0.9763489
-0.1237793, -0.3718262, -0.9763489
-0.1237793, -0.3718262, -0.9763489
-0.1237793, -0.3718262, -0.9763489
-0.1237793, -0.3718262, -0.9763489
-0.1237793, -0.3718262, -0.9763489
-0.1237793, -0.3718262, -0.9763489
-0.1237793, -0.3718262, -0.9763489
-0.1237793, -0.3718262, -0.9763489
-0.1237793, -0.3718262, -0.9763489
-0.1237793, -0.3718262, -0.9763489
-0.371582, -0.1831055, -1.128448
-0.371582, -0.1831055, -1.128448
-0.371582, -0.1831055, -1.128448
-0.371582, -0.1831055, -1.128448
-0.371582, -0.1831055, -1.128448
-0.371582, -0.1831055, -1.128448
-0.371582, -0.1831055, -1.128448
-0.371582, -0.1831055, -1.128448
-0.371582, -0.1831055, -1.128448
-0.371582, -0.1831055, -1.128448
-0.371582, -0.1831055, -1.128448
-0.371582, -0.1831055, -1.128448
-0.371582, -0.1831055, -1.128448
-0.371582, -0.1831055, -1.128448
-0.371582, -0.1831055, -1.128448
-0.371582, -0.1831055, -1.128448
-0.2285156, -0.111084, -0.9497375
-0.2285156, -0.111084, -0.9497375
-0.2285156, -0.111084, -0.9497375
-0.2285156, -0.111084, -0.9497375
-0.2285156, -0.111084, -0.9497375
-0.2285156, -0.111084, -0.9497375
-0.2285156, -0.111084, -0.9497375
-0.2285156, -0.111084, -0.9497375
-0.2285156, -0.111084, -0.9497375
-0.2285156, -0.111084, -0.9497375
-0.2285156, -0.111084, -0.9497375
-0.2285156, -0.111084, -0.9497375
-0.2285156, -0.111084, -0.9497375
-0.2285156, -0.111084, -0.9497375
-0.2285156, -0.111084, -0.9497375
-0.1040039, -0.123291, -0.806427
-0.1040039, -0.123291, -0.806427
-0.1040039, -0.123291, -0.806427
-0.1040039, -0.123291, -0.806427
-0.1040039, -0.123291, -0.806427
-0.1040039, -0.123291, -0.806427
-0.1040039, -0.123291, -0.806427
-0.1040039, -0.123291, -0.806427
-0.1040039, -0.123291, -0.806427
-0.1040039, -0.123291, -0.806427
-0.1040039, -0.123291, -0.806427
-0.1040039, -0.123291, -0.806427
-0.1040039, -0.123291, -0.806427
-0.1040039, -0.123291, -0.806427
-0.1040039, -0.123291, -0.806427
-0.1040039, -0.123291, -0.806427
-0.0258789, -0.2158203, -0.8120422
-0.0258789, -0.2158203, -0.8120422
-0.0258789, -0.2158203, -0.8120422
-0.0258789, -0.2158203, -0.8120422
-0.0258789, -0.2158203, -0.8120422
-0.0258789, -0.2158203, -0.8120422
-0.0258789, -0.2158203, -0.8120422
-0.0258789, -0.2158203, -0.8120422
-0.0258789, -0.2158203, -0.8120422
-0.0258789, -0.2158203, -0.8120422
-0.0258789, -0.2158203, -0.8120422
-0.0258789, -0.2158203, -0.8120422
-0.0258789, -0.2158203, -0.8120422
-0.0258789, -0.2158203, -0.8120422
-0.0258789, -0.2158203, -0.8120422
-0.0258789, -0.2158203, -0.8120422
-0.0949707, -0.2019043, -0.9204407
-0.0949707, -0.2019043, -0.9204407
-0.0949707, -0.2019043, -0.9204407
-0.0949707, -0.2019043, -0.9204407
-0.0949707, -0.2019043, -0.9204407
-0.0949707, -0.2019043, -0.9204407
-0.0949707, -0.2019043, -0.9204407
-0.0949707, -0.2019043, -0.9204407
-0.0949707, -0.2019043, -0.9204407
-0.0949707, -0.2019043, -0.9204407
-0.0949707, -0.2019043, -0.9204407
-0.0949707, -0.2019043, -0.9204407
-0.0949707, -0.2019043, -0.9204407
-0.0949707, -0.2019043, -0.9204407
-0.0949707, -0.2019043, -0.9204407
-0.2067871, -0.09838867, -1.022003
-0.2067871, -0.09838867, -1.022003
-0.2067871, -0.09838867, -1.022003
-0.2067871, -0.09838867, -1.022003
-0.2067871, -0.09838867, -1.022003
-0.2067871, -0.09838867, -1.022003
-0.2067871, -0.09838867, -1.022003
-0.2067871, -0.09838867, -1.022003
-0.2067871, -0.09838867, -1.022003
-0.2067871, -0.09838867, -1.022003
-0.2067871, -0.09838867, -1.022003
-0.2067871, -0.09838867, -1.022003
-0.2067871, -0.09838867, -1.022003
-0.2067871, -0.09838867, -1.022003
-0.2067871, -0.09838867, -1.022003
-0.2067871, -0.09838867, -1.022003
-0.190918, -0.1381836, -1.045441
-0.190918, -0.1381836, -1.045441
-0.190918, -0.1381836, -1.045441
-0.190918, -0.1381836, -1.045441
-0.190918, -0.1381836, -1.045441
-0.190918, -0.1381836, -1.045441
-0.190918, -0.1381836, -1.045441
-0.190918, -0.1381836, -1.045441
-0.190918, -0.1381836, -1.045441
-0.190918, -0.1381836, -1.045441
-0.190918, -0.1381836, -1.045441
-0.190918, -0.1381836, -1.045441
-0.190918, -0.1381836, -1.045441
-0.190918, -0.1381836, -1.045441
-0.142334, -0.1181641, -0.9282532
-0.142334, -0.1181641, -0.9282532
-0.142334, -0.1181641, -0.9282532
-0.142334, -0.1181641, -0.9282532
-0.142334, -0.1181641, -0.9282532
-0.142334, -0.1181641, -0.9282532
-0.142334, -0.1181641, -0.9282532
-0.142334, -0.1181641, -0.9282532
-0.142334, -0.1181641, -0.9282532
-0.142334, -0.1181641, -0.9282532
-0.142334, -0.1181641, -0.9282532
-0.142334, -0.1181641, -0.9282532
-0.142334, -0.1181641, -0.9282532
-0.142334, -0.1181641, -0.9282532
-0.142334, -0.1181641, -0.9282532
-0.142334, -0.1181641, -0.9282532
-0.203125, -0.08007813, -1.004913
-0.203125, -0.08007813, -1.004913
-0.203125, -0.08007813, -1.004913
-0.203125, -0.08007813, -1.004913
-0.203125, -0.08007813, -1.004913
-0.203125, -0.08007813, -1.004913
-0.203125, -0.08007813, -1.004913
-0.203125, -0.08007813, -1.004913
-0.203125, -0.08007813, -1.004913
-0.203125, -0.08007813, -1.004913
-0.203125, -0.08007813, -1.004913
-0.203125, -0.08007813, -1.004913
-0.203125, -0.08007813, -1.004913
-0.203125, -0.08007813, -1.004913
-0.203125, -0.08007813, -1.004913
-0.1540527, -0.1013184, -1.014679
-0.1540527, -0.1013184, -1.014679
-0.1540527, -0.1013184, -1.014679
-0.1540527, -0.1013184, -1.014679
-0.1540527, -0.1013184, -1.014679
-0.1540527, -0.1013184, -1.014679
-0.1540527, -0.1013184, -1.014679
-0.1540527, -0.1013184, -1.014679
-0.1540527, -0.1013184, -1.014679
-0.1540527, -0.1013184, -1.014679
-0.1540527, -0.1013184, -1.014679
-0.1540527, -0.1013184, -1.014679
-0.1540527, -0.1013184, -1.014679
-0.1540527, -0.1013184, -1.014679
-0.1540527, -0.1013184, -1.014679
-0.1540527, -0.1013184, -1.014679
-0.1464844, -0.06201172, -0.8613586
-0.1464844, -0.06201172, -0.8613586
-0.1464844, -0.06201172, -0.8613586
-0.1464844, -0.06201172, -0.8613586
-0.1464844, -0.06201172, -0.8613586
-0.1464844, -0.06201172, -0.8613586
-0.1464844, -0.06201172, -0.8613586
-0.1464844, -0.06201172, -0.8613586
-0.1464844, -0.06201172, -0.8613586
-0.1464844, -0.06201172, -0.8613586
-0.1464844, -0.06201172, -0.8613586
-0.1464844, -0.06201172, -0.8613586
-0.1464844, -0.06201172, -0.8613586
-0.1464844, -0.06201172, -0.8613586
-0.1464844, -0.06201172, -0.8613586
-0.1464844, -0.06201172, -0.8613586
-0.1828613, -0.0769043, -0.9485168
-0.1828613, -0.0769043, -0.9485168
-0.1828613, -0.0769043, -0.9485168
-0.1828613, -0.0769043, -0.9485168
-0.1828613, -0.0769043, -0.9485168
-0.1828613, -0.0769043, -0.9485168
-0.1828613, -0.0769043, -0.9485168
-0.1828613, -0.0769043, -0.9485168
-0.1828613, -0.0769043, -0.9485168
-0.1828613, -0.0769043, -0.9485168
-0.1828613, -0.0769043, -0.9485168
-0.1828613, -0.0769043, -0.9485168
-0.1828613, -0.0769043, -0.9485168
-0.1828613, -0.0769043, -0.9485168
-0.1828613, -0.0769043, -0.9485168
-0.1828613, -0.0769043, -0.9485168
-0.1599121, -0.08276367, -0.9599914
-0.1599121, -0.08276367, -0.9599914
-0.1599121, -0.08276367, -0.9599914
-0.1599121, -0.08276367, -0.9599914
-0.1599121, -0.08276367, -0.9599914
-0.1599121, -0.08276367, -0.9599914
-0.1599121, -0.08276367, -0.9599914
-0.1599121, -0.08276367, -0.9599914
-0.1599121, -0.08276367, -0.9599914
-0.1599121, -0.08276367, -0.9599914
-0.1599121, -0.08276367, -0.9599914
-0.1599121, -0.08276367, -0.9599914
-0.1599121, -0.08276367, -0.9599914
-0.1599121, -0.08276367, -0.9599914
-0.1599121, -0.08276367, -0.9599914
-0.1599121, -0.08276367, -0.9599914
-0.1623535, -0.07910156, -0.9658508
-0.1623535, -0.07910156, -0.9658508
-0.1623535, -0.07910156, -0.9658508
-0.1623535, -0.07910156, -0.9658508
-0.1623535, -0.07910156, -0.9658508
-0.1623535, -0.07910156, -0.9658508
-0.1623535, -0.07910156, -0.9658508
-0.1623535, -0.07910156, -0.9658508
-0.1623535, -0.07910156, -0.9658508
-0.1623535, -0.07910156, -0.9658508
-0.1623535, -0.07910156, -0.9658508
-0.1623535, -0.07910156, -0.9658508
-0.1623535, -0.07910156, -0.9658508
-0.1623535, -0.07910156, -0.9658508
-0.1623535, -0.07910156, -0.9658508
-0.1623535, -0.07910156, -0.9658508
-0.1640625, -0.08251953, -0.9690247
-0.1640625, -0.08251953, -0.9690247
-0.1640625, -0.08251953, -0.9690247
-0.1640625, -0.08251953, -0.9690247
-0.1640625, -0.08251953, -0.9690247
-0.1640625, -0.08251953, -0.9690247
-0.1640625, -0.08251953, -0.9690247
-0.1640625, -0.08251953, -0.9690247
-0.1640625, -0.08251953, -0.9690247
-0.1640625, -0.08251953, -0.9690247
-0.1640625, -0.08251953, -0.9690247
-0.1640625, -0.08251953, -0.9690247
-0.1640625, -0.08251953, -0.9690247
-0.1640625, -0.08251953, -0.9690247
-0.1640625, -0.08251953, -0.9690247
-0.1640625, -0.08251953, -0.9690247
-0.1618652, -0.08447266, -0.9729309
-0.1618652, -0.08447266, -0.9729309
-0.1618652, -0.08447266, -0.9729309
-0.1618652, -0.08447266, -0.9729309
-0.1618652, -0.08447266, -0.9729309
-0.1618652, -0.08447266, -0.9729309
-0.1618652, -0.08447266, -0.9729309
-0.1618652, -0.08447266, -0.9729309
-0.1618652, -0.08447266, -0.9729309
-0.1618652, -0.08447266, -0.9729309
-0.1618652, -0.08447266, -0.9729309
-0.1618652, -0.08447266, -0.9729309
-0.1618652, -0.08447266, -0.9729309
-0.1618652, -0.08447266, -0.9729309
-0.1618652, -0.08447266, -0.9729309
-0.1618652, -0.08447266, -0.9729309
-0.1611328, -0.08422852, -0.9731751
-0.1611328, -0.08422852, -0.9731751
-0.1611328, -0.08422852, -0.9731751
-0.1611328, -0.08422852, -0.9731751
-0.1611328, -0.08422852, -0.9731751
-0.1611328, -0.08422852, -0.9731751
-0.1611328, -0.08422852, -0.9731751
-0.1611328, -0.08422852, -0.9731751
-0.1611328, -0.08422852, -0.9731751
-0.1611328, -0.08422852, -0.9731751
-0.1611328, -0.08422852, -0.9731751
-0.1611328, -0.08422852, -0.9731751
-0.1611328, -0.08422852, -0.9731751
-0.1611328, -0.08422852, -0.9731751
-0.1611328, -0.08422852, -0.9731751
-0.1611328, -0.08422852, -0.9731751
-0.1638184, -0.08666992, -0.9704895
-0.1638184, -0.08666992, -0.9704895
-0.1638184, -0.08666992, -0.9704895
-0.1638184, -0.08666992, -0.9704895
-0.1638184, -0.08666992, -0.9704895
-0.1638184, -0.08666992, -0.9704895
-0.1638184, -0.08666992, -0.9704895
-0.1638184, -0.08666992, -0.9704895
-0.1638184, -0.08666992, -0.9704895
-0.1638184, -0.08666992, -0.9704895
-0.1638184, -0.08666992, -0.9704895
-0.1638184, -0.08666992, -0.9704895
-0.1638184, -0.08666992, -0.9704895
-0.1638184, -0.08666992, -0.9704895
-0.1638184, -0.08666992, -0.9704895
-0.1621094, -0.08251953, -0.9700012
-0.1621094, -0.08251953, -0.9700012
-0.1621094, -0.08251953, -0.9700012
-0.1621094, -0.08251953, -0.9700012
-0.1621094, -0.08251953, -0.9700012
-0.1621094, -0.08251953, -0.9700012
-0.1621094, -0.08251953, -0.9700012
-0.1621094, -0.08251953, -0.9700012
-0.1621094, -0.08251953, -0.9700012
-0.1621094, -0.08251953, -0.9700012
-0.1621094, -0.08251953, -0.9700012
-0.1621094, -0.08251953, -0.9700012
-0.1621094, -0.08251953, -0.9700012
-0.1621094, -0.08251953, -0.9700012
-0.1621094, -0.08251953, -0.9700012
-0.1621094, -0.08251953, -0.9700012
-0.1652832, -0.08496094, -0.9507141
-0.1652832, -0.08496094, -0.9507141
-0.1652832, -0.08496094, -0.9507141
-0.1652832, -0.08496094, -0.9507141
-0.1652832, -0.08496094, -0.9507141
-0.1652832, -0.08496094, -0.9507141
-0.1652832, -0.08496094, -0.9507141
-0.1652832, -0.08496094, -0.9507141
-0.1652832, -0.08496094, -0.9507141
-0.1652832, -0.08496094, -0.9507141
-0.1652832, -0.08496094, -0.9507141
-0.1652832, -0.08496094, -0.9507141
-0.1652832, -0.08496094, -0.9507141
-0.1652832, -0.08496094, -0.9507141
-0.1652832, -0.08496094, -0.9507141
-0.1652832, -0.08496094, -0.9507141
-0.1757813, -0.08520508, -0.9729309
-0.1757813, -0.08520508, -0.9729309
-0.1757813, -0.08520508, -0.9729309
-0.1757813, -0.08520508, -0.9729309
-0.1757813, -0.08520508, -0.9729309
-0.1757813, -0.08520508, -0.9729309
-0.1757813, -0.08520508, -0.9729309
-0.1757813, -0.08520508, -0.9729309
-0.1757813, -0.08520508, -0.9729309
-0.1757813, -0.08520508, -0.9729309
-0.1757813, -0.08520508, -0.9729309
-0.1757813, -0.08520508, -0.9729309
-0.1757813, -0.08520508, -0.9729309
-0.1757813, -0.08520508, -0.9729309
-0.1757813, -0.08520508, -0.9729309
-0.1757813, -0.08520508, -0.9729309
-0.1564941, -0.1008301, -1.018097
-0.1564941, -0.1008301, -1.018097
-0.1564941, -0.1008301, -1.018097
-0.1564941, -0.1008301, -1.018097
-0.1564941, -0.1008301, -1.018097
-0.1564941, -0.1008301, -1.018097
-0.1564941, -0.1008301, -1.018097
-0.1564941, -0.1008301, -1.018097
-0.1564941, -0.1008301, -1.018097
-0.1564941, -0.1008301, -1.018097
-0.1564941, -0.1008301, -1.018097
-0.1564941, -0.1008301, -1.018097
-0.1564941, -0.1008301, -1.018097
-0.1564941, -0.1008301, -1.018097
-0.1564941, -0.1008301, -1.018097
-0.1564941, -0.1008301, -1.018097
-0.1757813, -0.07763672, -0.9238586
-0.1757813, -0.07763672, -0.9238586
-0.1757813, -0.07763672, -0.9238586
-0.1757813, -0.07763672, -0.9238586
-0.1757813, -0.07763672, -0.9238586
-0.1757813, -0.07763672, -0.9238586
-0.1757813, -0.07763672, -0.9238586
-0.1757813, -0.07763672, -0.9238586
-0.1757813, -0.07763672, -0.9238586
-0.1757813, -0.07763672, -0.9238586
-0.1757813, -0.07763672, -0.9238586
-0.1757813, -0.07763672, -0.9238586
-0.1757813, -0.07763672, -0.9238586
-0.1757813, -0.07763672, -0.9238586
-0.1757813, -0.07763672, -0.9238586
-0.1757813, -0.07763672, -0.9238586
-0.1396484, -0.09228516, -0.9558411
-0.1396484, -0.09228516, -0.9558411
-0.1396484, -0.09228516, -0.9558411
-0.1396484, -0.09228516, -0.9558411
-0.1396484, -0.09228516, -0.9558411
-0.1396484, -0.09228516, -0.9558411
-0.1396484, -0.09228516, -0.9558411
-0.1396484, -0.09228516, -0.9558411
-0.1396484, -0.09228516, -0.9558411
-0.1396484, -0.09228516, -0.9558411
-0.1396484, -0.09228516, -0.9558411
-0.1396484, -0.09228516, -0.9558411
-0.1396484, -0.09228516, -0.9558411
-0.1396484, -0.09228516, -0.9558411
-0.1396484, -0.09228516, -0.9558411
-0.1540527, -0.142334, -1.078888
-0.1540527, -0.142334, -1.078888
-0.1540527, -0.142334, -1.078888
-0.1540527, -0.142334, -1.078888
-0.1540527, -0.142334, -1.078888
-0.1540527, -0.142334, -1.078888
-0.1540527, -0.142334, -1.078888
-0.1540527, -0.142334, -1.078888
-0.1540527, -0.142334, -1.078888
-0.1540527, -0.142334, -1.078888
-0.1540527, -0.142334, -1.078888
-0.1540527, -0.142334, -1.078888
-0.1540527, -0.142334, -1.078888
-0.1540527, -0.142334, -1.078888
-0.1540527, -0.142334, -1.078888
-0.1826172, -0.1269531, -1.045929
-0.1826172, -0.1269531, -1.045929
-0.1826172, -0.1269531, -1.045929
-0.1826172, -0.1269531, -1.045929
-0.1826172, -0.1269531, -1.045929
-0.1826172, -0.1269531, -1.045929
-0.1826172, -0.1269531, -1.045929
-0.1826172, -0.1269531, -1.045929
-0.1826172, -0.1269531, -1.045929
-0.1826172, -0.1269531, -1.045929
-0.1826172, -0.1269531, -1.045929
-0.1826172, -0.1269531, -1.045929
-0.1826172, -0.1269531, -1.045929
-0.1826172, -0.1269531, -1.045929
-0.1826172, -0.1269531, -1.045929
